matrix,adaptive_gflops,cusparse_gflops,adaptive_over_cusparse
email-EuAll,44.8,26.5,1.6906
web-NotreDame,52.8,58.8,0.8980
mac_econ_fwd500,92.2,73.7,1.2510
scircuit,99.7,63.5,1.5701
web-Stanford,48.1,49.5,0.9717
amazon0312,67.5,69.5,0.9712
webbase-1M,59.0,90.4,0.6527
web-Google,35.0,42.2,0.8294
web-BerkStan,79.9,135.5,0.5897
cit-Patents,33.3,44.6,0.7466
Freescale1,106.1,109.2,0.9716
wikipedia-20070206,45.5,56.2,0.8096
hollywood-2009,108.0,140.3,0.7698
wb-edu,51.5,126.0,0.4087
soc-LiveJournal1,50.0,73.2,0.6831
ljournal-2008,60.7,93.1,0.6520
circuit5M,24.3,142.2,0.1709
soc-Pokec,40.5,52.3,0.7744
mawi_201512020330,2.2,7.0,0.3143
